User_ID,Time_Lapse(ms),Time(epoch),Left_Height(Norm),Right_Height(Norm),Left_Height(Raw),Right_Height(Raw)
0,0,1642157311304,[2.59806453e-09 3.42128376e-12],[-2.73412049e-09 -5.35586083e-12],[ 1.24146698e-09 -3.14234041e-09],[-2.18710907e-09 -2.86387096e-09]
0,197,1642157311501,[-0.01904297 -0.0010376 ],[ 0.00256348 -0.00836182],[-0.00933838  1.04170227],[-0.04052734 -0.01826477]
0,352,1642157311656,[0.02331543 0.01681519],[ 0.00268555 -2.11096191],[-0.07092285 -2.13287354],[0.02905273 2.13143921]
0,511,1642157311815,[-1.07788086 -0.02856445],[-0.02246094  1.0927887 ],[-0.01000977 -0.02914429],[-1.0645752  1.1157074]
0,658,1642157311962,[0.01635742 0.04330444],[-2.0904541 -0.0697937],[0.08190918 0.08370972],[ 2.0982666  -2.15585327]
0,810,1642157312114,[1.06201172 0.00291443],[2.14117432 0.0080719 ],[-0.01275635 -0.01264954],[-1.02655029  0.01560974]
0,970,1642157312274,[-0.00134277  0.01223755],[-2.07470703 -2.14984131],[ 0.04907227 -0.00338745],[2.0760498 2.1361084]
0,1175,1642157312479,[ 0.01812744 -0.00750732],[-0.02209473  0.0062561 ],[1.06671143 1.10426331],[ 0.00476074 -1.10627747]
0,1416,1642157312720,[ 0.01428223 -0.00882975],[0.00638835 0.72052002],[-0.7097168  -0.00599162],[0.02001953 0.77845256]
0,1612,1642157312916,[2.16522217 0.00286865],[ 2.15039062 -1.06866455],[ 1.097229   -1.03543091],[ 0.02349854 -1.17666626]
0,1809,1642157313113,[0.02557373 0.00915527],[-0.00695801 -0.00422668],[-1.11846924 -0.02391052],[0.02111816 0.0045166 ]
0,1945,1642157313249,[-2.19799805 -0.06936646],[-2.1171875   2.16519165],[0.07250977 0.08758545],[-0.06945801 -2.15887451]
0,2090,1642157313394,[-0.02563477  0.03570557],[-0.02819824 -2.08947754],[ 2.27172852 -0.02359009],[0.0168457  2.06967163]
0,2236,1642157313540,[ 0.01391602 -0.00358582],[-0.00109863 -0.02287292],[-0.07867432 -0.02366638],[-0.00457764  0.04240417]
0,2382,1642157313686,[-0.0123291   0.03283691],[-0.02478027  0.01553345],[-2.21887207  0.01235962],[-0.0369873  -0.04644775]
0,2605,1642157313909,[0.72558594 0.00793457],[ 0.71138509 -0.00150553],[0.74715169 0.00557454],[ 0.00752767 -1.44856771]
0,2789,1642157314093,[ 0.01733398 -0.05786133],[0.06286621 2.13760376],[-2.19824219 -0.07122803],[-0.00891113 -0.08236694]
0,2944,1642157314248,[-1.11682129  0.02284241],[-1.05529785 -0.03630066],[ 1.08050537 -0.02522278],[-0.03509521  1.16685486]
0,3098,1642157314402,[0.03088379 0.01773071],[-0.02105713 -1.06022644],[-1.10064697  1.10009766],[0.04595947 1.09742737]
0,3250,1642157314554,[-2.23144531 -0.06488037],[-0.06982422  2.1729126 ],[-0.11584473 -2.18331909],[0.02954102 4.51498413]
0,3429,1642157314733,[0.0045166  0.01501465],[-1.0411377  -1.06045532],[0.06463623 0.02600098],[ 1.0223999  -0.09115601]
0,3630,1642157314934,[-0.03039551 -0.01773071],[1.06182861 1.07406616],[-0.02020264 -0.02546692],[-1.07745361 -1.07914734]
0,3825,1642157315129,[1.10949707 0.00784302],[ 0.01397705 -1.07569885],[1.14123535 0.02224731],[1.09777832 1.08097839]
0,4003,1642157315307,[-1.09344482  0.00282288],[-1.06854248  1.04675293],[-1.13494873 -0.00282288],[-0.03533936 -2.14846802]
0,4153,1642157315457,[2.15966797 0.05050659],[ 2.16186523 -2.18539429],[-0.02807617  2.05233765],[-2.10412598 -0.12594604]
0,4315,1642157315619,[-0.00701904 -0.01246643],[0.01367188 1.06970215],[ 0.07928467 -1.06547546],[1.0401001  0.03445435]
0,4473,1642157315777,[-2.19458008 -0.04562378],[-0.09594727  0.07928467],[2.12097168 2.16894531],[-2.04968262  4.3934021 ]
0,4611,1642157315915,[1.11047363 0.01280212],[ 0.02893066 -0.01687622],[-1.09710693 -0.01651001],[ 1.05865479 -2.18418884]
0,4755,1642157316059,[-2.18383789  0.01477051],[-0.04711914 -0.0199585 ],[ 0.00158691 -0.01187134],[-2.12158203  0.02853394]
0,4958,1642157316262,[-0.00024414 -0.01083374],[-1.07250977  0.00741577],[0.00262451 0.03096008],[ 1.06036377 -0.03178406]
0,5106,1642157316410,[-0.01281738  0.00030518],[1.07617188 0.00430298],[-0.02429199 -1.06848145],[-1.09014893  0.019104  ]
0,5276,1642157316580,[ 2.18603516 -0.00747681],[0.06213379 0.03121948],[0.12756348 2.08856201],[ 2.16003418 -0.04473877]
0,5430,1642157316734,[-1.10272217  1.0315094 ],[-0.0501709   0.01367188],[ 1.05511475 -1.05892944],[-1.05047607  2.17219543]
0,5590,1642157316894,[ 0.04919434 -2.00616455],[-2.09814453 -2.24435425],[-2.25158691  0.01776123],[ 2.0657959  -2.08242798]
0,5758,1642157317062,[ 1.14111328 -0.02705383],[2.17492676 1.09643555],[1.13043213 1.11314392],[ 0.05877686 -2.22036743]
0,5903,1642157317207,[-0.0447998   0.00752258],[-1.08752441 -1.063797  ],[-1.10614014 -0.00996399],[-1.09674072  2.15626526]
0,6087,1642157317391,[ 0.03393555 -0.00823975],[-0.00183105  0.01376343],[0.06494141 0.01608276],[ 0.06591797 -2.15484619]
0,6218,1642157317522,[0.00396729 0.00973511],[0.0065918  1.04650879],[-0.0758667  -1.13111877],[1.06054688 1.15766907]
0,6388,1642157317692,[ 0.0592041  -0.01223755],[2.13989258 0.02105713],[2.12365723 0.07583618],[0.05200195 2.20080566]
0,6546,1642157317850,[-1.09393311  1.02574158],[-1.06951904  0.01150513],[0.05413818 0.03489685],[-0.01953125 -2.27365112]
0,6689,1642157317993,[2.19628906 0.02639771],[ 2.16467285 -0.02178955],[-0.02453613  2.10595703],[-2.07080078 -2.18673706]
0,6890,1642157318194,[-0.03430176 -1.0015564 ],[ 1.07897949 -1.03553772],[ 1.10095215 -0.06585693],[ 1.10498047 -0.04341125]
0,7060,1642157318364,[-2.21429443  1.09341431],[ 0.04260254 -0.0533905 ],[1.11010742 1.17456055],[1.06994629 0.04795837]
0,7236,1642157318540,[-1.11999512 -0.02516174],[0.0211792  0.02618408],[-1.07531738  1.09329224],[1.12579346 2.15919495]
0,7379,1642157318683,[-0.02380371  2.15060425],[0.03039551 2.04064941],[-0.0682373   0.04434204],[-0.09240723 -2.07397461]
0,7524,1642157318828,[0.00793457 0.00531006],[-0.0100708  -1.02682495],[ 0.02844238 -0.00642395],[2.26324463 2.16127014]
0,7660,1642157318964,[ 0.00427246 -0.0161438 ],[-0.0123291  -0.01132202],[-0.02612305 -0.00723267],[-2.2088623  -2.20523071]
0,7805,1642157319109,[ 0.01483154 -0.00115967],[-0.00592041  0.01268005],[1.12219238 0.02168274],[-1.11102295 -0.02648926]
0,7956,1642157319260,[8.54492188e-04 3.05175781e-05],[-0.00268555  2.02981567],[-2.30212402 -0.01135254],[4.48620605 0.15899658]
0,8095,1642157319399,[-0.06542969  0.01330566],[0.06079102 0.009552  ],[0.08398438 2.14697266],[2.14782715 2.27017212]
0,8241,1642157319545,[-0.00561523  1.10179138],[ 1.03088379 -0.00567627],[-0.05212402 -1.08998108],[ 1.11761475 -0.03979492]
0,8390,1642157319694,[ 0.04577637 -0.03219604],[-2.06872559  0.00811768],[-4.38098145 -0.02005005],[ 0.00952148 -0.02142334]
0,8540,1642157319844,[-1.06542969 -1.01190186],[ 0.00372314 -1.03414917],[-0.01733398 -0.03207397],[-0.01623535 -1.11779785]
0,8708,1642157320012,[1.06872559 1.02038574],[-0.01153564  1.03991699],[ 2.26434326 -1.0350647 ],[-1.04577637 -2.20541382]
0,8868,1642157320172,[-0.01782227 -2.20663452],[-0.00976562  0.02618408],[4.32580566 4.33544922],[-0.17822266  8.85794067]
0,9026,1642157320330,[-1.07220459e+00 -1.22070312e-04],[0.00152588 0.0138092 ],[-1.08624268  0.07621765],[-2.19696045 -0.01727295]
0,9182,1642157320486,[2.07922363 0.09738159],[ 2.19445801 -2.07904053],[2.3215332  2.23922729],[-8.94628906  2.23724365]
0,9354,1642157320658,[-1.08782959  0.00770569],[ 0.01721191 -0.00392151],[ 1.10168457 -0.0226593 ],[-0.00842285  0.02728271]
0,9514,1642157320818,[0.00646973 2.21131897],[ 0.01098633 -0.04026794],[ 1.09454346 -2.20457458],[ 2.21282959 -5.58177185]
0,9665,1642157320969,[-2.20263672e+00 -9.15527344e-04],[2.23364258 0.02609253],[-2.06030273 13.46743774],[4.63806152 8.93341064]
0,9820,1642157321124,[ 0.01434326 -1.07777405],[-1.09387207 -1.07450867],[4.41638184 1.14125061],[1.05889893 0.00521851]
0,9974,1642157321278,[-0.07946777 -2.27218628],[4.34887695 2.11495972],[2.21704102 4.36853027],[-4.47973633  4.5519104 ]
0,10146,1642157321450,[-0.00695801  0.01042175],[ 0.02307129 -0.0038147 ],[-2.18695068 -1.07460022],[-2.22503662 -1.13078308]
0,10300,1642157321604,[-1.07574463  1.07624817],[-1.08654785 -2.20098877],[-2.28155518  0.00854492],[-0.01739502  5.55601501]
0,10450,1642157321754,[ 2.19677734 -2.25726318],[ 2.13562012 -0.05075073],[-2.19177246 -2.30599976],[-4.45458984  2.36227417]
0,10619,1642157321923,[-1.09692383 -0.01054382],[0.03540039 1.10707092],[1.03491211 0.03346252],[-3.33325195  2.27804565]
0,10780,1642157322084,[ 4.35119629 -0.04736328],[-2.24755859  0.03115845],[-6.44689941 -4.40441895],[13.28686523 -4.62026978]
0,10946,1642157322250,[ 0.00341797 -2.12950134],[-0.01477051  1.13250732],[-0.08856201  1.04927063],[-1.05657959 -2.1885376 ]
0,11089,1642157322393,[0.01989746 2.18243408],[-0.01220703 -2.2428894 ],[ 2.23095703 -0.09835815],[2.17041016 4.37921143]
0,11241,1642157322545,[-1.10186768  1.04389954],[ 1.11444092 -0.02099609],[ 0.07250977 -1.02532959],[-4.42852783  0.07255554]
0,11392,1642157322696,[ 0.01708984 -2.10961914],[-0.01586914  2.20935059],[-0.04162598  2.00958252],[ 2.21850586 -4.50622559]
0,11544,1642157322848,[ 0.01519775 -0.00151062],[-1.07122803 -1.07546997],[1.05145264 0.01722717],[2.19714355 2.17723083]
0,11695,1642157322999,[2.14453125 0.00567627],[-0.03430176  0.00228882],[-2.1348877   0.05728149],[ 0.00878906 -2.20901489]
0,11863,1642157323167,[-1.08569336 -0.00431824],[2.19677734 1.07368469],[ 2.19537354 -0.00968933],[-1.09558105 -1.05897522]
0,12053,1642157323357,[-0.00878906  1.05563354],[-2.18414307 -1.13261414],[1.15704346 0.0932312 ],[-3.34216309  1.12921143]
0,12207,1642157323511,[ 0.00341797 -1.04333496],[-0.01287842  0.03251648],[-1.11810303  1.04943848],[ 0.01678467 -0.01559448]
0,12361,1642157323665,[0.00671387 2.09158325],[-0.02502441 -2.22027588],[ 2.22265625 11.25137329],[6.61291504 6.59832764]
0,12511,1642157323815,[ 1.13201904 -1.05067444],[-0.00543213  0.04049683],[2.22808838 6.76002502],[-1.09051514 -1.08737183]
0,12665,1642157323969,[ 8.87976074 -0.03387451],[-4.48071289  4.39083862],[2.30383301 9.02151489],[-2.36083984  6.73791504]
0,12847,1642157324151,[-4.47802734 -1.04998779],[2.23797607 0.03065491],[-3.35308838 10.04725647],[ 3.42779541 11.26704407]
0,13011,1642157324315,[ 1.11578369 -0.07460022],[-0.00244141  1.0944519 ],[-4.46148682  8.98278809],[3.32965088 8.91339111]
0,13164,1642157324468,[-4.38964844  0.11669922],[ 0.09887695 -2.18228149],[-0.13269043 -6.84118652],[ 2.20959473 -2.21676636]
0,13347,1642157324651,[ 1.10827637 -0.0422821 ],[-1.10943604  0.00645447],[-5.55718994  2.38972473],[1.19470215 1.13009644]
0,13483,1642157324787,[-0.13244629  0.08850098],[ 4.38696289 -0.01443481],[ 2.21081543 -2.44851685],[-2.38977051 -2.14904785]
0,13618,1642157324922,[ 0.07873535 -0.03785706],[-1.09637451  0.04138184],[-2.21813965  1.21292114],[0.04968262 2.21850586]
0,13774,1642157325078,[-2.21679688  2.15374756],[ 2.20214844 -0.15600586],[ 2.21484375 -2.29733276],[-2.13208008 -2.17056274]
0,13927,1642157325231,[ 1.07781982 -0.00749207],[-1.14263916  1.076828  ],[1.05291748 1.15986633],[1.05834961 1.1231842 ]
0,14085,1642157325389,[-0.06506348  0.04910278],[ 2.24279785 -2.17749023],[ 0.04333496 -0.07598877],[-0.05224609 -2.27926636]
0,14230,1642157325534,[-1.03912354 -0.03953552],[0.0177002  1.10115051],[-0.01989746 -1.10543823],[-2.15240479  4.45529175]
0,14403,1642157325707,[ 1.06280518 -1.07998657],[-0.01287842  0.02954102],[-0.0043335   2.20986938],[ 2.13238525 -1.08595276]
0,14534,1642157325838,[-0.02966309  2.15130615],[ 2.16577148 -0.0736084 ],[ 0.04016113 -4.29199219],[-2.16625977 -6.66247559]
0,14696,1642157326000,[-1.04815674 -1.0476532 ],[-1.05975342 -1.0597229 ],[-0.00927734  1.05236816],[-0.00891113  3.31166077]
0,14858,1642157326162,[ 2.1439209  -0.02380371],[-0.01501465  0.10919189],[-2.17297363 -2.15386963],[-2.09533691 -0.06814575]
0,15025,1642157326329,[-0.02148438  0.03182983],[ 1.07348633 -0.04115295],[ 1.10888672e+00 -7.17163086e-04],[-0.00714111 -1.05484009]
0,15165,1642157326469,[ 0.06945801 -0.05200195],[-4.33361816  0.0647583 ],[-2.21887207  0.05987549],[ 4.33483887 -0.08493042]
0,15333,1642157326637,[-0.01647949  1.05236816],[1.08349609 1.02314758],[1.08734131 1.09062195],[-0.02801514 -1.08114624]
0,15486,1642157326790,[ 2.14013672 -0.01806641],[-0.04699707 -0.01141357],[-2.11340332 -2.21270752],[0.08129883 0.00076294]
0,15638,1642157326942,[-1.06567383 -1.03721619],[ 0.00537109 -0.01005554],[1.1015625  1.00526428],[-1.05529785 -2.20529175]
0,15791,1642157327095,[-0.04833984  2.10140991],[ 0.03918457 -2.12896729],[ 0.01257324 -2.00900269],[2.04370117 8.78161621]
0,15972,1642157327276,[ 0.00616455 -1.06211853],[-0.00549316  0.01219177],[-0.00195312  1.05555725],[-1.0357666 -2.2069397]
0,16154,1642157327458,[ 1.09851074 -0.01589966],[-0.02539062  0.00177002],[-1.11608887  0.03367615],[1.09863281e-03 1.10580444e+00]
0,16320,1642157327624,[-1.07928467  1.08129883],[-1.0390625  -0.02163696],[ 0.01287842 -1.06977844],[-0.02783203  2.23406982]
0,16480,1642157327784,[-2.19836426  0.03024292],[4.32995605 2.11499023],[ 4.37988281 -0.11645508],[-0.09667969 -8.81451416]
0,16644,1642157327948,[ 1.08270264 -2.19404602],[-1.10333252  0.08023071],[-1.0927124   2.20524597],[1.10632324 1.07267761]
0,16811,1642157328115,[-0.0145874   2.20201111],[ 0.00378418 -2.23321533],[ 0.02862549 -2.1640625 ],[0.0020752  1.10351562]
0,16970,1642157328274,[ 0.05371094 -2.1164856 ],[-0.03747559  0.01785278],[-0.08190918  2.08029175],[-2.0838623   0.03741455]
0,17131,1642157328435,[-0.02972412 -0.01501465],[1.09863281 1.10649109],[ 1.10437012 -0.03793335],[-0.05102539  1.07902527]
0,17284,1642157328588,[ 0.03430176 -0.00784302],[-2.18615723 -0.02127075],[-0.02819824  0.03897095],[ 0.1262207  -4.38598633]
0,17460,1642157328764,[1.08093262 0.01199341],[-0.02410889  0.03343201],[-2.16192627 -1.04721069],[0.02075195 1.11193848]
0,17604,1642157328908,[-1.04077148 -0.00970459],[-1.04748535 -0.03404236],[-0.0022583   1.04438782],[-0.01568604  1.10066223]
0,17784,1642157329088,[-2.20593262  2.11126709],[ 0.00805664 -0.0005188 ],[ 4.35266113 -2.19018555],[-0.03808594 -2.23104858]
0,17959,1642157329263,[-0.01092529  0.00428772],[1.09234619 1.05592346],[-1.07421875  0.05969238],[-1.09069824 -1.0753479 ]
0,18117,1642157329421,[ 1.0581665  -1.05187988],[-0.03430176 -1.00836182],[ 1.09814453 -0.0362854 ],[2.14361572 1.07881165]
0,18272,1642157329576,[-2.12121582  2.04495239],[-2.13391113  2.09387207],[-0.05041504  0.07269287],[ 0.0300293  -2.22189331]
0,18424,1642157329728,[ 1.04711914 -1.04878235],[ 2.19329834 -1.06358337],[0.04925537 1.04602051],[-1.11767578  0.0017395 ]
0,18574,1642157329878,[ 0.02258301 -0.01043701],[-2.22839355  0.03308105],[-0.02893066  0.08273315],[ 0.12976074 -0.04241943]
0,18733,1642157330037,[-1.0581665   0.01124573],[ 0.02331543 -0.0149231 ],[1.0748291 0.0145874],[-0.0423584  -0.01263428]
0,18877,1642157330181,[0.00341797 0.0133667 ],[-2.14465332 -0.02536011],[ 0.04272461 -2.27526855],[0.03942871 6.71218872]
0,19025,1642157330329,[ 0.02362061 -0.02563477],[-0.02227783  1.07623291],[2.25195312 1.07081604],[ 1.06945801 -3.29946899]
0,19185,1642157330489,[ 4.2713623  -2.21768188],[-0.08044434  0.0557251 ],[ 0.11401367 -6.71765137],[ 2.28234863 -2.27911377]
0,19336,1642157330640,[-2.16918945  1.14807129],[-0.00109863 -0.03890991],[ 5.5647583  -7.95704651],[-1.11981201 -2.24017334]
0,19504,1642157330808,[-0.04492188 -0.06147766],[0.0057373  0.04704285],[ -2.23431396 -17.82284546],[-1.05859375 -1.1385498 ]
0,19644,1642157330948,[0.04663086 0.06726074],[ 0.01416016 -0.04077148],[-2.19165039 -9.05697632],[2.07397461 0.14038086]
0,19802,1642157331106,[ 1.0970459  -1.08792114],[-0.01464844  0.03625488],[-1.17211914 -3.48388672],[0.00256348 1.06466675]
0,19964,1642157331268,[-2.12988281  2.0592041 ],[0.00646973 0.01779175],[ 1.83105469e-03 -6.47326660e+00],[-2.12658691 -0.1078186 ]
0,20141,1642157331445,[-0.00683594 -0.01168823],[-1.05517578  1.0309906 ],[ 0.02197266 -1.13442993],[ 1.09820557 -1.0460968 ]
0,20282,1642157331586,[0.02575684 0.02139282],[-0.05273438 -2.07275391],[-0.11584473  0.03076172],[-0.01342773 -0.08322144]
0,20438,1642157331742,[1.03747559 0.02494812],[ 1.07659912 -0.01689148],[0.0345459  2.24729919],[-0.00756836  0.00784302]
0,20617,1642157331921,[ 0.02178955 -1.06253052],[-0.0043335   0.01399231],[-0.00701904 -1.18249512],[0.00256348 0.03192139]
0,20785,1642157332089,[-2.11486816 -0.01782227],[-2.1328125   0.03604126],[-0.0760498  -2.22409058],[ 0.06213379 -0.12982178]
0,20954,1642157332258,[1.05523682 0.00708008],[ 1.06860352 -0.01557922],[0.03424072 2.22149658],[-0.02539062  0.05438232]
0,21097,1642157332401,[-0.01452637  0.01501465],[-0.01092529 -0.01179504],[-1.05944824  1.09851074],[0.01068115 0.0123291 ]
0,21266,1642157332570,[-2.0859375 -0.0296936],[-2.08435059  0.03781128],[-0.11193848  0.04037476],[-0.01416016 -0.04156494]
0,21416,1642157332720,[-0.01196289  0.01876831],[ 2.18695068 -0.01638794],[ 1.08911133 -1.09973145],[-3.37164307 -0.02888489]
0,21552,1642157332856,[0.00891113 2.12240601],[2.2208252  2.05249023],[-0.0222168   2.19943237],[-11.12890625 -17.90872192]
0,21699,1642157333003,[1.09356689 0.04078674],[-2.19354248 -2.13543701],[-1.03314209 -4.45051575],[ 5.54888916 -9.05099487]
0,21849,1642157333153,[-4.39306641  0.00790405],[ 2.2532959  -0.01480103],[ 2.06811523 -0.02902222],[-8.97460938 -8.90606689]
0,21999,1642157333303,[1.10534668 1.05348206],[-1.15045166 -0.03903198],[0.02575684 2.28483582],[ 7.85174561 -3.43257141]
0,22160,1642157333464,[-0.07727051 -0.00210571],[2.22521973 2.1802063 ],[-2.12451172 -2.22070312],[  0.07226562 -11.09335327]
0,22345,1642157333649,[ 0.00628662 -1.05381775],[-0.02209473  0.02682495],[ 1.0592041  -0.07603455],[ 2.2421875  -2.22799683]
0,22503,1642157333807,[-1.08331299  1.06166077],[ 0.06072998 -0.04440308],[-1.08618164  2.29905701],[-1.11895752  4.47061157]
0,22656,1642157333960,[-0.02636719 -2.06698608],[-0.05578613 -2.06692505],[ 2.15808105 -0.04846191],[-0.03955078 -2.25543213]
0,22809,1642157334113,[ 1.09301758 -0.029953  ],[1.05999756 1.08026123],[-0.02099609 -3.38142395],[-3.30584717  4.4775238 ]
0,22953,1642157334257,[4.5012207  4.34442139],[-8.73291016 -2.25262451],[ 0.14233398 -4.36312866],[-6.96398926 22.46713257]
0,23100,1642157334404,[-1.12969971 -2.23152161],[2.17895508 2.19776917],[-0.03106689  1.07579041],[ 4.57763672 12.43371582]
0,23264,1642157334568,[-2.1583252  -2.13656616],[ 0.02404785 -2.01312256],[-0.0769043   6.76022339],[-0.01550293  6.6086731 ]
0,23406,1642157334710,[ 1.0567627  -0.00898743],[ 1.0871582  -0.00292969],[-1.06085205 -1.13098145],[-1.15332031  3.34043884]
0,23552,1642157334856,[ 0.02978516 -0.00683594],[-2.17456055  0.00604248],[ 0.06896973 -2.23956299],[2.26818848 0.00427246]
0,23696,1642157335000,[ 0.01452637 -0.0219574 ],[0.00115967 1.03933716],[ 1.03723145 -0.01834106],[-0.00842285 -1.07688904]
0,23866,1642157335170,[-0.03686523  0.04910278],[ 2.15588379 -2.09030151],[-2.10595703  0.03039551],[-2.15795898 -4.52508545]
0,24024,1642157335328,[0.00482178 1.06126404],[0.02056885 1.0244751 ],[-0.01947021  3.3855896 ],[  1.06280518 -10.04473877]
0,24180,1642157335484,[0.0057373  0.11383057],[-2.24633789 -2.16973877],[ 2.23327637 -6.7857666 ],[ -2.30041504 -31.55557251]
0,24334,1642157335638,[-1.08685303 -0.00671387],[0.00067139 0.01765442],[-1.10351562  0.05543518],[ 5.68237305 -3.3502655 ]
0,24496,1642157335800,[-1.12164307  0.03517151],[ 0.04504395 -0.04396057],[1.05151367 1.03979492],[-2.27368164 -5.59655762]
0,24674,1642157335978,[ 2.19433594 -0.05841064],[2.15197754 0.04974365],[-2.08117676 -4.44076538],[4.51379395 2.13522339]
0,24831,1642157336135,[-1.08441162  0.04490662],[ 1.13775635 -1.06866455],[1.07965088 5.56539917],[0.00640869 3.34432983]
0,24980,1642157336284,[ 2.11791992 -0.00967407],[-0.00158691 -0.01651001],[-0.00720215 -0.0173645 ],[-2.28894043 -6.62573242]
0,25133,1642157336437,[0.01904297 0.01101685],[-1.10424805 -1.08480835],[ 0.01342773 -1.0977478 ],[0.02105713 1.04187012]
0,25301,1642157336605,[-1.10229492 -0.014328  ],[1.08514404 1.09075928],[-0.01672363  0.02049255],[-1.0847168   0.03564453]
0,25468,1642157336772,[2.23779297 0.02651978],[-0.02282715 -0.0317688 ],[0.01489258 2.16802979],[ 2.17102051 -4.36709595]
0,25614,1642157336918,[-0.01153564 -0.02316284],[-1.07409668  0.02116394],[-0.015625   -3.27618408],[1.11450195 2.21179199]
0,25768,1642157337072,[-0.01184082  2.15646362],[ 2.17297363 -0.13452148],[-2.16809082  6.55609131],[-4.45166016 -2.22238159]
0,25930,1642157337234,[0.02276611 0.00520325],[-1.07513428 -1.08764648],[ 1.0914917  -3.26385498],[-0.00793457  0.01411438]
0,26076,1642157337380,[-0.02026367 -2.09088135],[4.35070801 2.24996948],[1.95312500e-03 4.33779907e+00],[-0.00964355 -0.01855469]
0,26233,1642157337537,[-1.07324219  1.0836792 ],[-1.05548096 -1.15460205],[-1.11328125  1.07867432],[-0.02368164  1.11236572]
0,26385,1642157337689,[ 2.07958984 -2.125     ],[2.10705566 2.27215576],[ 2.23876953 -4.4911499 ],[0.11364746 0.04205322]
0,26543,1642157337847,[ 0.01257324 -0.02508545],[-1.06689453  0.02891541],[ 0.01202393 -2.20654297],[ 1.07623291 -0.0463562 ]
0,26696,1642157338000,[-1.0411377   0.02328491],[ 0.00561523 -1.10520935],[-1.14105225  3.31645203],[-1.13043213 -1.13391113]
0,26859,1642157338163,[ 2.07250977 -0.01672363],[-0.04223633  0.04269409],[0.08496094 0.03619385],[ 0.0168457  -0.00628662]
0,27014,1642157338318,[0.01226807 1.00987244],[3.05175781e-04 2.11947632e+00],[0.01525879 0.02722168],[0.02972412 0.05271912]
0,27153,1642157338457,[2.14331055 0.06307983],[-0.0213623  -4.35058594],[0.02294922 0.07473755],[-0.03356934 -0.02093506]
0,27301,1642157338605,[0.01379395 0.01991272],[-1.12097168 -1.12033081],[ 0.00378418 -0.01512146],[0.02752686 0.00672913]
0,27472,1642157338776,[-0.02355957 -0.03799438],[2.2253418  2.20669556],[-0.09472656  2.20294189],[2.12304688 2.15640259]
0,27619,1642157338923,[-1.03149414  0.01013184],[-1.11053467  0.01489258],[ 1.05004883 -3.33309937],[0.01641846 0.01239014]
0,27772,1642157339076,[ 2.08105469 -0.07952881],[2.15625    2.22244263],[-2.08007812  2.22012329],[-2.15234375 -4.49612427]
0,27910,1642157339214,[ 0.00439453 -0.01403809],[-0.00415039  1.07473755],[0.00396729 1.12200928],[0.00872803 0.06481934]
0,28080,1642157339384,[ 0.01672363 -0.0027771 ],[-2.19860840e+00 -1.83105469e-03],[ 0.00500488 -2.20568848],[ 4.38549805 -0.08044434]
0,28243,1642157339547,[-1.0803833   0.00306702],[0.06842041 0.00236511],[ 1.11517334 -1.10705566],[-1.14172363  1.11148071]
0,28391,1642157339695,[ 2.11450195 -2.0814209 ],[ 2.07250977 -2.05300903],[ 0.0513916  -0.02523804],[0.07226562 2.2088623 ]
0,28553,1642157339857,[-1.06079102  1.04704285],[-1.03759766 -0.04008484],[-0.04119873  2.25375366],[-1.12231445 -1.1091156 ]
0,28720,1642157340024,[-0.003479   -1.05052185],[1.0534668  1.09143066],[ 0.01654053 -2.30311584],[0.02062988 1.16146851]
0,28889,1642157340193,[0.00280762 2.06677246],[ 0.05126953 -0.01473999],[-0.04785156  2.41534424],[-0.06176758 -2.26394653]
0,29038,1642157340342,[1.08288574 0.0075531 ],[-1.14019775 -1.08607483],[-2.80761719e-03 -4.46072388e+00],[2.24310303 5.56921387]
0,29197,1642157340501,[-1.046875    0.06280518],[-1.06445312 -2.20913696],[0.01373291 3.30158997],[-2.26379395 -4.54672241]
0,29346,1642157340650,[ 2.20556641 -2.38049316],[-0.12365723  8.84405518],[ 4.26416016 -6.64144897],[ 2.44140625e-03 -1.11021729e+01]
0,29506,1642157340810,[1.06848145 1.0975647 ],[-1.08410645 -1.10864258],[-2.10595703 -0.01405334],[1.14538574 2.18367004]
0,29656,1642157340960,[-2.15649414  0.09619141],[ 2.17163086 -0.0602417 ],[2.12744141 4.39883423],[-0.08532715  0.15643311]
0,29818,1642157341122,[-0.00323486 -1.06625366],[ 0.04632568 -1.05726624],[-0.00793457  1.08673096],[-1.08843994  1.04154968]
0,29973,1642157341277,[2.13574219 2.17889404],[-0.17199707 -4.44210815],[0.15405273 4.59893799],[0.140625   2.39868164]
0,30133,1642157341437,[-1.07116699 -1.10533142],[0.04925537 2.21307373],[-1.22662354  1.07304382],[-1.21221924  1.11930847]
0,30289,1642157341593,[-0.0657959   2.22491455],[-0.01843262 -2.16760254],[4.63684082 6.73239136],[4.47692871 4.28222656]
0,30430,1642157341734,[-0.04595947 -1.12336731],[1.09680176 1.08171082],[0.04827881 0.0115509 ],[-1.10253906 -2.16333008]
0,30601,1642157341905,[0.04382324 0.00280762],[-0.00512695  1.08792114],[-1.16870117 -4.47705078],[-1.05114746 -3.32981873]
0,30752,1642157342056,[-0.0032959  -0.05197144],[-2.12805176  0.12341309],[ 2.22949219 15.71511841],[ 2.0612793  -2.44714355]
0,30916,1642157342220,[-1.10791016  1.11457825],[ 2.24157715 -1.17326355],[-1.11920166 -6.7094574 ],[ 2.29290771 11.29185486]
0,31085,1642157342389,[0.05395508 0.03762817],[-2.19311523 -2.14996338],[-2.33496094 -6.68099976],[ -2.29174805 -13.44497681]
0,31237,1642157342541,[-0.00378418 -0.02200317],[1.09179688 1.10099792],[0.0345459  2.23275757],[1.11425781 1.08097839]
0,31390,1642157342694,[0.0012207  0.00793457],[-0.04711914  0.00439453],[-0.02954102 -0.05026245],[-2.16516113 -2.2276001 ]
0,31543,1642157342847,[-1.09564209e+00 -4.27246094e-04],[-0.00378418  0.00125122],[-0.0168457  -1.09785461],[-1.11859131 -1.08078003]
0,31694,1642157342998,[2.15563965 2.18048096],[ 0.00500488 -2.30551147],[0.04394531 2.19076538],[-0.02075195  2.24145508]
0,31876,1642157343180,[-1.07574463 -1.10040283],[0.0135498  1.15719604],[ 0.03015137 -2.19671631],[ 0.01965332 -0.00990295]
0,32033,1642157343337,[1.10394287 0.03959656],[-2.19537354 -1.12187195],[-1.09454346 -0.05996704],[1.07623291 0.01664734]
0,32209,1642157343513,[-0.02044678  1.048172  ],[2.17388916 1.06115723],[1.07720947 1.18948364],[0.01068115 0.02471924]
0,32378,1642157343682,[-0.02124023 -2.1312561 ],[-0.02929688  0.0854187 ],[-0.09899902 -4.6038208 ],[-2.14880371 -0.06149292]
0,32536,1642157343840,[-1.0692749   0.00250244],[-1.05493164 -1.08221436],[0.04162598 3.36566162],[1.05603027 1.0737915 ]
0,32686,1642157343990,[2.19702148 0.00628662],[-0.02697754 -0.05047607],[-0.02319336 -0.01681519],[ 0.03637695 -4.34194946]
0,32872,1642157344176,[0.00012207 0.01872253],[-0.00048828 -0.0138855 ],[-0.00244141 -0.00453186],[-0.03112793  1.10401917]
0,33003,1642157344307,[-0.00579834 -1.06643677],[1.09265137 1.12852478],[-0.01977539 -1.12786865],[-1.09356689 -1.11096191]
0,33166,1642157344470,[0.00366211 2.11657715],[-0.02355957 -0.04885864],[0.0501709  2.25149536],[ 0.07019043 -0.01849365]
0,33303,1642157344607,[-1.09393311  1.05899048],[-2.16558838 -1.12312317],[0.02770996 0.03608704],[-0.0244751   1.10758972]
0,33461,1642157344765,[ 2.16235352 -2.17050171],[4.36523438 2.29238892],[ 2.09863281 -2.14666748],[ 2.20617676 -2.15649414]
0,33614,1642157344918,[-1.097229   -0.00932312],[-1.07397461  0.00384521],[-1.06646729  2.18185425],[1.10717773 4.41700745]
0,33781,1642157345085,[ 2.24182129 -2.07598877],[-0.02685547 -0.00183105],[2.17663574 2.26580811],[-4.43579102  2.34301758]
0,33952,1642157345256,[ 1.12744141 -0.00663757],[-2.27618408  0.01530457],[-0.00726318 -4.50292969],[  1.1786499  -12.34783936]
0,34112,1642157345416,[0.00213623 1.0219574 ],[ 0.05328369 -0.05201721],[-1.08508301  3.38168335],[-1.13916016  5.58642578]
0,34274,1642157345578,[ 2.11047363 -2.08843994],[ 2.14038086 -2.13494873],[ 0.16381836 -0.03292847],[ 0.04467773 -0.00946045]
0,34424,1642157345728,[-1.12249756  1.11444092],[1.13323975 1.06872559],[1.12963867 2.20872498],[-1.14093018  2.2926178 ]
0,34577,1642157345881,[ 0.05773926 -2.19857788],[-2.29858398 -2.17105103],[ 1.99645996 -0.04269409],[ 2.3059082  -2.34033203]
0,34733,1642157346037,[-1.11633301  1.03483582],[1.18261719 1.10401917],[-2.16448975 -1.08131409],[-2.33551025 -1.10469055]
0,34884,1642157346188,[2.24279785 0.06393433],[-0.11816406 -2.24240112],[ 2.14587402 -2.16821289],[4.52856445 2.25778198]
0,35029,1642157346333,[0.00384521 0.00341797],[-1.09240723  0.01582336],[0.03173828 1.10818481],[1.08514404 1.07252502]
0,35188,1642157346492,[-0.01062012 -0.0027771 ],[ 0.01049805 -0.0239563 ],[-0.00646973  0.02755737],[-2.16113281  0.11288452]
0,35346,1642157346650,[-0.00018311 -0.02166748],[1.09179688 0.00917053],[-0.02911377 -0.04064941],[-1.09460449 -1.13713074]
0,35510,1642157346814,[-0.00299072 -1.0662384 ],[-0.01293945  0.01483154],[0.03729248 2.19088745],[0.02911377 1.1091156 ]
0,35660,1642157346964,[0.02966309 2.21643066],[-4.29162598 -0.05981445],[-2.13464355 -4.36825562],[ 2.1373291  -0.00976562]
0,35810,1642157347114,[-0.02209473  0.02253723],[ 1.05584717 -1.07679749],[2.16217041 1.08508301],[0.02801514 1.11473083]
0,35960,1642157347264,[ 0.03869629 -2.21014404],[-2.18469238 -0.00259399],[-0.07141113 -2.16372681],[ 4.38549805 -2.19839478]
0,36120,1642157347424,[-0.01580811  1.06867981],[1.09039307 0.00804138],[0.03210449 0.0244751 ],[-2.22991943  1.06668091]
0,36275,1642157347579,[ 0.02490234 -0.01898193],[-0.01501465  2.15789795],[ 0.00866699 -0.07019043],[ 0.08312988 -2.23608398]
0,36441,1642157347745,[ 0.00250244 -1.07989502],[0.0043335  0.03041077],[0.01208496 0.04737854],[-0.03363037 -2.17092896]
0,36604,1642157347908,[-1.0826416   0.01368713],[0.04425049 0.00030518],[-0.00384521 -0.02508545],[-1.12512207  1.032547  ]
0,36753,1642157348057,[ 2.10681152 -0.01095581],[-0.05456543 -0.02236938],[2.25134277 4.36486816],[4.38623047 2.31268311]
0,36889,1642157348193,[0.06652832 2.13104248],[-2.21435547 -0.00292969],[-0.03027344 -4.21920776],[ 0.0604248  -2.23147583]
0,37069,1642157348373,[-0.02215576  0.04574585],[1.09503174 1.08201599],[-1.12591553  2.13587952],[-1.10852051  2.23199463]
0,37221,1642157348525,[ 0.0369873  -0.04878235],[-1.08178711 -1.10166931],[ 0.03564453 -2.20521545],[ 0.02484131 -1.15353394]
0,37388,1642157348692,[-0.04968262  0.0184021 ],[0.00756836 2.19354248],[0.01428223 2.27145386],[ 4.31677246 -2.06707764]
0,37544,1642157348848,[1.08282471 0.0229187 ],[-0.03649902  0.0007019 ],[-1.0814209   1.03250122],[0.02703857 1.06491089]
0,37696,1642157349000,[-1.09558105 -0.01168823],[1.10314941 0.00869751],[ 1.11468506 -1.04246521],[-2.19378662e+00  2.07519531e-03]
0,37851,1642157349155,[-0.01745605  0.01553345],[ 0.01586914 -2.20721436],[-0.03979492 -2.17642212],[ 2.21386719 -2.10021973]
0,38001,1642157349305,[ 0.01580811 -1.08760071],[-1.06164551  1.11723328],[0.01159668 1.07098389],[-0.01519775 -0.06362915]
0,38163,1642157349467,[-2.07910156  2.11639404],[-0.0201416  -0.00952148],[ 2.14648438 -2.07821655],[ 0.05212402 -0.04830933]
0,38351,1642157349655,[ 1.07592773 -1.05241394],[-1.07702637 -1.09689331],[-1.11437988 -0.08589172],[ 1.04754639 -1.04644775]
0,38521,1642157349825,[ 0.01000977 -0.01771545],[1.0322876  1.10107422],[0.00933838 1.07980347],[-1.02032471  0.01068115]
0,38706,1642157350010,[-0.03845215  1.10403442],[0.0604248  0.01132202],[0.065979   1.16708374],[-0.03198242  2.23904419]
0,38868,1642157350172,[-0.01831055 -0.02581787],[-0.01477051 -2.243927  ],[-0.09692383 -2.22128296],[ 0.03125    -0.06069946]
0,39053,1642157350357,[-0.00299072 -1.09298706],[ 2.21002197 -0.02015686],[-1.14733887 -0.0793457 ],[-3.39807129 -1.09710693]
0,39210,1642157350514,[1.10455322 1.07249451],[-2.25042725  1.11099243],[1.15722656 7.90939331],[ 3.38171387 -0.04940796]
0,39366,1642157350670,[ 0.0267334  -2.11080933],[ 0.03759766 -2.09094238],[ -2.32580566 -20.14932251],[-0.02319336 -0.02114868]
0,39555,1642157350859,[-0.02087402 -0.01593018],[-0.02288818  2.16210938],[-2.24145508 -5.65623474],[ 1.0892334  -2.19018555]
0,39711,1642157351015,[-0.0065918  -0.00622559],[ 1.05328369 -1.06370544],[1.07653809 0.027771  ],[-1.03674316  1.08113098]
0,39857,1642157351161,[-0.02087402  0.03457642],[ 0.03100586 -0.02709961],[0.11633301 0.09454346],[-0.03552246  0.08416748]
0,40007,1642157351311,[-1.05517578 -0.00830078],[-6.10351562e-05  7.99560547e-03],[ 1.03234863 -0.01893616],[-0.02606201 -0.04525757]
0,40189,1642157351493,[0.01159668 0.01800537],[0.00158691 0.00585938],[-0.03662109 -0.11016846],[-0.00354004  0.00402832]
0,40352,1642157351656,[ 1.06164551 -0.01210022],[-1.05419922  1.06437683],[-1.04229736  1.13150024],[ 1.05853271 -1.0589447 ]
0,40525,1642157351829,[-0.02392578  0.00898743],[ 1.05291748 -1.07714844],[-1.07012939 -1.08100891],[-1.08416748  1.03709412]
0,40669,1642157351973,[ 0.05773926 -0.00979614],[-2.10449219  0.00799561],[2.17089844 0.04705811],[2.20690918 0.10919189]
0,40826,1642157352130,[-1.11541748 -0.05116272],[2.22613525 1.10038757],[-0.01318359 -0.02320862],[-3.32299805 -1.22050476]
0,40978,1642157352282,[0.06396484 0.09765625],[-4.47766113 -2.22091675],[-0.05981445  0.05270386],[6.65405273 2.37869263]
0,41141,1642157352445,[-2.20666504 -0.01138306],[3.33215332 1.10639954],[-0.00744629 -0.00921631],[-1.03717041  6.75535583]
0,41305,1642157352609,[0.02282715 1.11103821],[-1.08520508 -2.21939087],[0.0144043 1.0802002],[-0.0246582  -3.40841675]
0,41461,1642157352765,[ 2.16259766 -0.07376099],[0.0501709  2.20623779],[-2.20068359  2.37313843],[ 2.2043457  -2.18759155]
0,41635,1642157352939,[-0.0020752   0.03715515],[ 1.07769775 -1.12269592],[ 1.08782959 -1.17797852],[-1.10180664  1.15524292]
0,41801,1642157353105,[-0.0057373  -0.00987244],[-1.11035156 -0.00242615],[0.01867676 1.10926819],[ 0.02374268 -0.02186584]
0,41947,1642157353251,[-0.03601074 -0.0378418 ],[2.20690918 4.41152954],[-0.04772949 -2.22738647],[-0.04858398  0.01449585]
0,42082,1642157353386,[0.02856445 2.16046143],[-2.16748047 -4.4548645 ],[-2.16394043  4.56884766],[ 2.17541504 -0.00704956]
0,42220,1642157353524,[-0.00518799 -2.13879395],[1.08392334 2.25230408],[ 1.09210205 -1.17366028],[0.00048828 0.03276062]
0,42378,1642157353682,[-0.01672363 -0.01821899],[-0.00622559 -2.12545776],[-2.17297363  0.06283569],[0.02148438 2.14440918]
0,42518,1642157353822,[0.003479   1.10990906],[-1.08447266 -1.16958618],[ 1.128479   -0.04598999],[-1.11657715 -1.09327698]
0,42728,1642157354032,[-1.06207275 -0.03559875],[-0.01123047  1.15298462],[-0.02679443  0.0506897 ],[0.00994873 1.07800293]
0,42878,1642157354182,[-0.03796387 -2.14440918],[0.05834961 2.14511108],[-0.00939941 -0.02926636],[-0.06066895  0.11593628]
0,43026,1642157354330,[1.09716797 1.08944702],[-0.02484131 -1.11383057],[ 0.02819824 -0.00769043],[ 0.01739502 -2.26583862]
0,43178,1642157354482,[0.01879883 2.20831299],[-2.18078613 -2.22280884],[2.13024902 2.25009155],[-0.02575684  2.29360962]
0,43344,1642157354648,[-1.0982666  -1.11338806],[1.08294678 2.21221924],[-1.07952881 -1.11889648],[-1.07409668 -1.15110779]
0,43513,1642157354817,[ 1.08953857 -1.06718445],[ 0.01062012 -1.06089783],[-0.00177002 -1.1383667 ],[ 1.0836792  -0.02210999]
0,43709,1642157355013,[ 0.00878906 -0.0059967 ],[0.01818848 0.00682068],[0.00738525 2.23957825],[ 0.0189209  -0.01579285]
0,43878,1642157355182,[-0.00012207 -0.01287842],[-0.05090332  0.00131226],[-0.03857422 -2.18151855],[2.26599121 0.05325317]
0,44026,1642157355330,[-0.0100708   0.00340271],[1.08660889 0.00323486],[ 0.02929688 -1.12573242],[-2.23254395  0.00254822]
0,44187,1642157355491,[-0.02709961  2.09494019],[ 0.08081055 -0.03930664],[-0.01953125  0.09805298],[-0.0612793   0.00241089]
0,44349,1642157355653,[1.08306885 0.03948975],[-1.1697998  -1.10707092],[3.66210938e-04 1.06205750e+00],[1.14550781 0.01768494]
0,44522,1642157355826,[ 0.00787354 -0.00175476],[0.00842285 1.06349182],[1.09863281e-03 1.10202026e+00],[-0.02026367 -1.08670044]
0,44694,1642157355998,[-2.15258789 -2.18554688],[0.10375977 2.27392578],[-0.01403809 -0.0007019 ],[2.17333984 2.21749878]
0,44857,1642157356161,[1.07550049 1.08499146],[-0.04522705 -1.13296509],[ 0.0045166  -1.11911011],[-1.08868408 -0.03179932]
0,45002,1642157356306,[-0.00402832 -1.08531189],[1.10101318 0.05307007],[1.11602783 1.15463257],[1.15344238 4.44181824]
0,45154,1642157356458,[-2.09802246  4.32971191],[-4.31323242 -0.06814575],[-0.00512695  2.29904175],[2.13134766 2.32901001]
0,45319,1642157356623,[-0.01660156 -2.16642761],[2.19702148 1.10816956],[ 0.00360107 -0.04354858],[-1.09240723 -2.23390198]
0,45485,1642157356789,[-0.03063965 -0.00854492],[-0.00341797  0.00802612],[-0.05456543 -0.03704834],[-2.21948242 -2.29818726]
0,45631,1642157356935,[1.08538818 0.02880859],[-1.1260376  -2.19474792],[0.01379395 0.01313782],[1.08569336 0.00140381]
0,45800,1642157357104,[ 0.00720215 -0.01457214],[-0.02941895  0.01164246],[-0.02264404 -1.10717773],[ 0.02392578 -1.14105225]
0,45945,1642157357249,[-0.00927734  2.22085571],[ 0.0246582  -0.11962891],[-2.11962891  4.47473145],[-2.27612305  0.11828613]
0,46101,1642157357405,[-0.00311279 -0.05169678],[0.00579834 0.01678467],[ 0.00317383 -1.08869934],[ 0.01586914 -1.12664795]
0,46252,1642157357556,[0.02746582 0.06051636],[-2.23022461  0.02374268],[2.15185547 2.20507812],[2.25134277 2.27313232]
0,46419,1642157357723,[-0.02954102 -0.04763794],[2.22491455 1.11616516],[-1.11334229  0.07617188],[-0.01031494  3.29074097]
0,46587,1642157357891,[-2.07739258 -2.03726196],[-4.38134766 -2.15576172],[0.03845215 2.03198242],[ 2.26989746 -2.22668457]
0,46743,1642157358047,[ 1.02807617 -0.0294342 ],[2.18743896 2.15586853],[1.09649658 1.07263184],[-1.12219238  0.06422424]
0,46891,1642157358195,[-2.09484863  2.17779541],[ 0.04394531 -4.39569092],[-0.03125    -2.17953491],[-0.00073242 -0.07641602]
0,47047,1642157358351,[-0.0022583  -0.03178406],[-0.00994873  1.11961365],[-1.11120605 -1.01364136],[-2.24633789e+00  2.13623047e-04]
0,47207,1642157358511,[0.01141357 0.03617859],[-2.17889404 -1.13508606],[-1.10852051  1.02482605],[ 3.34368896 -0.03649902]
0,47348,1642157358652,[2.13415527 0.04882812],[-0.11499023  2.2270813 ],[-2.13757324 -0.06015015],[-4.44128418 -6.57748413]
0,47507,1642157358811,[ 0.02038574 -0.01860046],[-1.08917236  1.12112427],[ 1.06433105 -4.43870544],[1.07653809 0.0030365 ]
0,47681,1642157358985,[-2.11254883  0.00466919],[ 0.04211426 -2.23330688],[ 2.19897461 -0.02804565],[-0.02868652  4.35925293]
0,47817,1642157359121,[1.03997803 1.11210632],[ 1.11181641 -1.1242981 ],[1.19104004 4.51313782],[-3.33703613  3.3943634 ]
0,47958,1642157359262,[-2.17016602 -0.0402832 ],[ 0.03405762 -4.44512939],[2.31945801 2.20407104],[-2.29956055 -2.35803223]
0,48116,1642157359420,[ 0.01586914 -1.03349304],[ 1.0526123  -1.08520508],[ 0.99841309 -1.13803101],[-1.10900879 -1.08403015]
0,48262,1642157359566,[ 2.17858887 -0.1701355 ],[-4.47497559  4.46328735],[-8.7208252  -4.30133057],[-4.46789551 -8.96917725]
0,48403,1642157359707,[-1.08032227  0.06109619],[-1.05792236 -1.10903931],[1.10913086 2.12884521],[1.0847168 1.0973053]
0,48549,1642157359853,[0.03112793 2.1763916 ],[ 2.27539062 -0.05969238],[ 6.6685791  -2.13278198],[-4.50830078  0.084198  ]
0,48703,1642157360007,[1.08013916 1.150177  ],[0.0022583  1.13378906],[5.60571289 2.2306366 ],[0.05358887 1.04582214]
0,48856,1642157360160,[2.10205078 2.22134399],[2.06567383 2.18222046],[2.29284668 4.4664917 ],[2.2857666  0.11209106]
0,48997,1642157360301,[-1.0100708  -2.24220276],[-1.07995605 -3.29335022],[-0.06335449  0.02970886],[1.10137939 1.01797485]
0,49146,1642157360450,[-0.07116699  4.41152954],[0.05383301 6.57769775],[0.10900879 4.47094727],[-0.04284668  0.06066895]
0,49291,1642157360595,[ 2.25671387 -0.01187134],[-2.20532227  2.15258789],[-0.05444336  4.47967529],[-2.26147461  0.19784546]
0,49441,1642157360745,[-0.02783203  1.10194397],[ 1.04345703 -0.01794434],[ 0.0302124  -0.01858521],[ 2.25482178 -1.11064148]
0,49614,1642157360918,[-1.09429932 -1.08543396],[ 0.02557373 -1.07066345],[-0.04400635 -4.46759033],[-2.21899414  1.04989624]
0,49752,1642157361056,[2.17211914 2.1105957 ],[-0.04052734 -0.04382324],[-0.05993652 -4.36831665],[ 2.1862793  -2.12960815]
0,49902,1642157361206,[-0.00189209 -1.04115295],[-0.00219727  0.02828979],[0.02044678 1.06825256],[ 0.02874756 -1.11541748]
0,50059,1642157361363,[-0.08361816 -0.03039551],[ 0.04504395 -0.01278687],[-6.5982666  -2.24984741],[-0.0925293   4.35925293]
0,50230,1642157361534,[-1.0447998e+00 -6.5612793e-04],[-0.00012207  0.00616455],[-0.08764648 -0.02738953],[ 1.11029053 -1.06430054]
0,50381,1642157361685,[2.08203125 0.02789307],[-0.02062988  0.01629639],[-6.53344727 -2.15655518],[-2.16149902 -2.22689819]
0,50539,1642157361843,[ 0.01568604 -0.01437378],[-0.00744629  0.00213623],[-0.03302002  0.01631165],[-0.01898193  2.22680664]
0,50677,1642157361981,[-0.02770996  2.12442017],[0.03979492 2.13198853],[0.08752441 0.01083374],[-0.02587891 -2.21469116]
0,50819,1642157362123,[ 0.01190186 -1.06915283],[-0.02844238  0.01687622],[-0.02954102  1.03392029],[0.01367188 0.00624084]
0,50944,1642157362248,[-2.04504395  2.12399292],[ 0.01403809 -0.00540161],[-2.36743164 -4.35992432],[-2.11437988  2.09597778]
0,51097,1642157362401,[ 1.04064941 -2.13313293],[ 0.0267334  -1.03442383],[-1.10314941 -0.06239319],[ 3.29730225 -1.11251831]
0,51250,1642157362554,[-2.08984375 -0.08392334],[-2.19116211 -0.1137085 ],[-2.16064453 -4.38757324],[ 2.21813965 -0.01370239]
0,51401,1642157362705,[-1.12658691 -0.03242493],[1.10284424 0.03630066],[ 1.05755615 -3.34875488],[-1.0760498   0.00180054]
0,51547,1642157362851,[ 2.14025879 -2.18624878],[ 2.17407227 -0.02249146],[-0.05944824  2.2199707 ],[-0.10119629  0.04705811]
0,51672,1642157362976,[-2.14196777 -2.21331787],[-2.16503906 -0.01351929],[ 0.01513672 -2.1784668 ],[ 0.14538574 -0.02548218]
0,51796,1642157363100,[1.06213379 1.09552002],[-0.03137207  1.0960083 ],[-1.07226562  1.09585571],[-1.11737061 -3.33346558]
0,51935,1642157363239,[-2.19946289 -2.1824646 ],[2.22045898 0.06439209],[ 2.16870117 -2.26358032],[-0.09179688 -0.10473633]
0,52099,1642157363403,[-1.10986328  1.09120178],[ 0.03027344 -1.11676025],[1.13104248 1.13772583],[0.02612305 0.05096436]
0,52246,1642157363550,[-2.23376465 -4.46151733],[2.2479248  6.61706543],[-2.24060059 -2.33154297],[ 2.21154785e+00 -1.28173828e-03]
0,52381,1642157363685,[ 2.19702148 -0.09564209],[2.16699219 0.00286865],[0.03076172 0.09036255],[-6.7421875 -4.5140686]
0,52513,1642157363817,[ 1.12371826 -1.05743408],[-3.32214355  0.01594543],[-1.08105469  1.08605957],[ 2.23303223 -1.03897095]
0,52652,1642157363956,[-4.44665527 -2.12734985],[ 2.2388916  -2.02261353],[-0.05480957  0.02816772],[11.32006836 33.45343018]
0,52797,1642157364101,[-0.01837158  2.1544342 ],[2.16973877 0.99871826],[ 1.12597656 -1.07939148],[-10.08178711 -14.48124695]
0,52938,1642157364242,[0.01342773 0.0072937 ],[-2.1842041  0.0213623],[-2.28271484 -0.0607605 ],[-0.04882812 -0.07540894]
0,53085,1642157364389,[2.20959473 0.03530884],[ 2.2755127  -2.16159058],[2.25402832 0.04473877],[2.1842041  0.05981445]
0,53233,1642157364537,[0.0357666  0.00474548],[-1.10736084  1.05960083],[-0.0802002  -0.02574158],[-1.12463379 -0.04403687]
0,53364,1642157364668,[0.02880859 2.11373901],[0.00512695 0.02032471],[0.13378906 0.03601074],[-2.2175293   0.06747437]
0,53494,1642157364798,[-0.03710938 -2.11758423],[-0.02331543 -2.14633179],[-2.25354004  0.00924683],[-4.41491699  4.3795166 ]
0,53623,1642157364927,[-0.01800537 -0.01412964],[-0.01031494  1.08181763],[0.01715088 0.00213623],[-1.11981201  0.03149414]
0,53783,1642157365087,[ 0.03552246 -0.02890015],[-2.14428711 -0.01583862],[-2.27392578  2.15106201],[ 2.1628418  -0.04592896]
0,53931,1642157365235,[1.08978271 0.02107239],[ 1.07110596 -1.06669617],[ 1.13824463 -1.06925964],[ 2.24365234 -0.00805664]
0,54067,1642157365371,[-0.00183105 -0.01309204],[0.03308105 2.12615967],[0.00610352 2.11520386],[-4.48535156  4.49609375]
0,54199,1642157365503,[ 0.02020264 -0.01023865],[-1.10076904 -1.06669617],[ 0.00805664 -1.0980835 ],[ 1.15643311 -2.24990845]
0,54342,1642157365646,[2.16467285 0.0149231 ],[-0.04003906  0.00650024],[-0.00292969 -2.13955688],[ 4.43078613 -2.23925781]
0,54482,1642157365786,[-2.18505859 -2.11309814],[2.23620605 0.006073  ],[-0.02319336  4.35040283],[-6.6315918   4.50061035]
0,54643,1642157365947,[-1.07598877  1.06359863],[-1.08642578 -0.02070618],[-0.04174805 -1.10040283],[1.03900146 1.10842896]
0,54801,1642157366105,[ 1.08239746 -0.00163269],[1.07958984 1.0760498 ],[0.03411865 0.01875305],[ 0.01470947 -2.19058228]
0,54952,1642157366256,[-2.22253418 -2.11865234],[ 0.03063965 -2.1355896 ],[-0.04003906 -0.02172852],[-2.16943359  2.19815063]
0,55091,1642157366395,[ 4.39404297 -0.0647583 ],[-0.08190918  0.07095337],[-2.20776367  0.07199097],[ 2.26049805 -0.09783936]
0,55270,1642157366574,[-1.09197998  1.07762146],[-1.06365967 -0.0274353 ],[-0.01300049 -0.0464325 ],[-1.1696167  2.2298584]
0,55422,1642157366726,[-0.00585938 -1.06298828],[1.07843018 0.00637817],[0.02111816 0.02043152],[ 0.02355957 -2.2086792 ]
0,55563,1642157366867,[2.17199707 2.1423645 ],[2.20373535 2.0987854 ],[2.27893066 2.18783569],[2.25878906 0.07745361]
0,55693,1642157366997,[-4.35412598e+00 -3.05175781e-05],[-2.18981934  0.01608276],[-0.1328125  -2.15255737],[ 0.03393555 -4.45672607]
0,55830,1642157367134,[ 1.08374023 -1.08642578],[-0.01025391 -1.05435181],[-1.09088135  1.06523132],[-2.27667236  5.51980591]
0,55954,1642157367258,[-2.16467285  0.03057861],[-2.13232422  0.02886963],[ 2.23059082 -0.0296936 ],[ 2.26477051 -2.21963501]
0,56081,1642157367385,[ 4.42211914 -2.28646851],[-0.05517578  2.15463257],[-2.20324707  2.25152588],[ 2.2130127  -2.22143555]
0,56217,1642157367521,[0.00708008 1.11080933],[-0.01379395 -0.01805115],[-0.01922607 -1.10601807],[ 1.13067627 -2.21217346]
0,56346,1642157367650,[-2.20996094  2.22814941],[ 0.07312012 -0.03436279],[ 2.29785156 -2.23648071],[-0.02526855  2.28994751]
0,56489,1642157367793,[ 0.01000977 -2.15408325],[ 2.18908691 -2.090271  ],[-0.06469727  2.20849609],[-2.23742676 -0.10171509]
0,56639,1642157367943,[-0.01727295  1.04449463],[-0.00946045  1.06005859],[-1.08416748 -0.00112915],[-1.10211182  1.14559937]
0,56771,1642157368075,[-2.12719727  0.056427  ],[-2.15405273 -2.1557312 ],[ 4.39331055 -2.17138672],[ 4.39916992 -2.2918396 ]
0,56919,1642157368223,[ 2.16015625 -0.00788879],[1.07928467e+00 7.93457031e-04],[-2.19519043  0.00897217],[-1.07562256  0.00865173]
0,57067,1642157368371,[-2.20959473  0.02838135],[ 2.25170898 -0.02554321],[ 4.44702148 -0.00762939],[-2.26306152  2.27536011]
0,57200,1642157368504,[-1.1149292  -0.02513123],[-1.11218262  1.08462524],[-1.14129639 -0.0098877 ],[ 2.23242188 -4.43591309]
0,57331,1642157368635,[-0.02978516  0.04064941],[ 2.18774414 -2.17019653],[2.29614258 0.06860352],[ 0.01379395 -0.0539856 ]
0,57482,1642157368786,[ 2.28417969 -2.13925171],[-2.22412109  0.05938721],[-0.01843262 -0.0272522 ],[ 6.76098633 -0.17929077]
0,57613,1642157368917,[-1.14849854 -0.04066467],[-0.00427246  1.05528259],[-1.0960083  -0.00543213],[ 0.02246094 -1.07609558]
0,57748,1642157369052,[-4.38061523  0.03793335],[-2.13525391 -0.01330566],[-0.1348877   0.00759888],[-2.34545898  0.0682373 ]
0,57910,1642157369214,[3.34136963 1.09185791],[-2.26080322  0.01391602],[-1.0703125   1.13450623],[2.25500488 2.27015686]
0,58058,1642157369362,[2.1784668  4.48504639],[ 2.21826172 -4.37661743],[ 2.23388672 -0.0524292 ],[4.36560059 8.87597656]
0,58214,1642157369518,[2.21044922 0.02146912],[-0.05908203  0.00856018],[-1.11914062  2.21768188],[-1.02984619  1.04049683]
0,58361,1642157369665,[-2.1817627   2.17773438],[ 0.05761719 -0.05459595],[ 2.27490234 -4.37161255],[-0.0098877  -2.06887817]
0,58500,1642157369804,[-0.00189209 -1.11216736],[-0.00891113  0.03529358],[-1.12371826  1.10966492],[-0.02661133  1.046875  ]
0,58647,1642157369951,[-2.1072998   2.19186401],[-2.12487793 -0.04541016],[ 2.15441895 -2.24578857],[-1.46484375e-03 -2.14468384e+00]
0,58792,1642157370096,[ 2.16870117 -2.1739502 ],[-0.00366211  0.01895142],[-2.16711426  4.33905029],[-0.04577637  2.06658936]
0,58940,1642157370244,[-0.02978516 -0.00036621],[0.01257324 0.00669861],[-0.00842285 -1.0385437 ],[ 1.09710693 -1.04598999]
0,59099,1642157370403,[-1.07507324 -0.00210571],[-0.02783203 -0.00805664],[-0.03326416 -0.0332489 ],[-1.0614624  0.0085144]
0,59252,1642157370556,[ 2.14355469 -0.0430603 ],[0.03564453 2.12316895],[0.10632324 0.01272583],[-0.06713867 -2.16375732]
0,59393,1642157370697,[0.00512695 0.03533936],[-0.02209473 -0.01849365],[-0.03015137  0.03286743],[-0.01257324  2.24578857]
0,59527,1642157370831,[-1.09844971 -1.1197052 ],[-0.015625   -1.05380249],[-0.02233887  1.09086609],[ 0.02319336 -0.05264282]
0,59665,1642157370969,[ 0.03820801 -2.19628906],[2.44140625e-04 4.39248657e+00],[-0.01940918  0.0461731 ],[-2.22949219 -6.61929321]
0,59796,1642157371100,[-1.16229248 -1.13612366],[2.22595215 0.0259552 ],[ 0.0345459 -1.1242981],[ 1.16369629 -1.13983154]
0,59928,1642157371232,[-4.390625    6.68395996],[ 2.30285645 -4.51815796],[ 4.38500977 -4.44775391],[6.63110352 6.64251709]
0,60097,1642157371401,[ 1.10906982 -0.02159119],[0.02386475 0.00447083],[ 0.06072998 -1.08708191],[-3.31604004 -1.08106995]
0,60249,1642157371553,[-2.25610352 -6.56219482],[2.06921387 2.30700684],[-0.09973145  2.05432129],[2.27380371 0.01565552]
0,60388,1642157371692,[2.22167969 2.0831604 ],[0.06115723 2.08743286],[0.11523438 0.10379028],[-6.86425781 -8.92330933]
0,60519,1642157371823,[ 0.03094482 -1.08406067],[-3.30493164 -1.01199341],[-0.02752686 -0.03010559],[5.6060791  2.16799927]
0,60652,1642157371956,[-0.03466797 -0.02926636],[2.15734863 2.11425781],[ 0.00280762 -0.04782104],[-6.62036133 13.56033325]
0,60795,1642157372099,[-0.01757812  4.41622925],[ 4.48486328 -2.28515625],[0.04382324 0.18084717],[-11.23962402  -8.97756958]
0,60944,1642157372248,[-1.07373047  0.05921936],[-1.08093262 -1.08805847],[-0.05950928  2.12747192],[-1.16217041  2.22669983]
0,61097,1642157372401,[1.10784912 1.10276794],[1.07641602 0.00231934],[-0.01116943  0.00512695],[1.13977051 0.00949097]
0,61230,1642157372534,[-0.01733398 -4.47824097],[-2.17932129  2.20401001],[ 0.01977539 -4.33673096],[-0.02099609 -6.72314453]
0,61355,1642157372659,[ 2.21020508 -2.20422363],[-2.33422852  0.11502075],[-0.02624512 -0.03314209],[ 2.27575684 -6.83639526]
0,61489,1642157372793,[-0.04504395  2.09036255],[4.45129395 2.09194946],[0.02160645 0.0161438 ],[ 0.01062012 -0.01055908]
0,61634,1642157372938,[-2.24707031  0.04826355],[-0.02478027 -1.07751465],[ 0.07147217 -1.06549072],[1.12738037 1.17134094]
0,61775,1642157373079,[6.72766113 4.4682312 ],[-8.7989502  -0.11767578],[-0.07824707  6.52072144],[-0.08166504 11.17456055]
0,61908,1642157373212,[1.13226318 0.01808167],[ 0.00823975 -1.05593872],[-1.07189941 -0.02200317],[0.04846191 1.12098694]
0,62029,1642157373333,[ 0.03845215 -0.03814697],[0.01708984 2.11672974],[-2.26306152 -0.04620361],[-0.06188965 -2.17556763]
0,62164,1642157373468,[-0.07055664  0.01647949],[ 2.09375    -0.02844238],[-2.33947754 -2.2008667 ],[0.07141113 0.07672119]
0,62314,1642157373618,[-1.0390625  -1.08123779],[-1.034729  -1.0368042],[-1.10931396 -0.02397156],[-0.00836182  1.0459137 ]
0,62467,1642157373771,[2.06591797 2.22125244],[ 2.05993652 -0.04431152],[ 0.0090332  -2.16900635],[ 4.37976074 -0.0423584 ]
0,62617,1642157373921,[0.0246582  0.00733948],[-1.03735352 -0.00149536],[0.02618408 0.03462219],[ 2.25091553 -1.12327576]
0,62746,1642157374050,[2.13098145 2.10336304],[1.99597168 2.03945923],[-2.23803711 -0.06365967],[ 2.32849121 -2.12194824]
0,62922,1642157374226,[ 0.01159668 -0.00402832],[-1.04034424 -0.00918579],[1.11779785 0.01957703],[ 2.13903809 -1.09431458]
0,63075,1642157374379,[-0.0267334  -0.01025391],[2.0769043  0.01165771],[-0.00146484 -0.02597046],[-4.31225586  0.02749634]
0,63210,1642157374514,[-1.05151367  0.01077271],[-1.03808594 -1.04011536],[1.09222412 1.08718872],[1.0859375  1.04225159]
0,63414,1642157374718,[-0.00421143 -1.07572937],[0.01190186 0.00474548],[0.00268555 1.09223938],[ 0.0045166  -0.01957703]
0,63597,1642157374901,[ 0.01928711 -0.02651978],[-0.01519775  1.0460968 ],[-1.09814453  0.00352478],[-1.05999756 -1.04492188]
0,63806,1642157375110,[ 0.02178955 -0.00439453],[-0.01580811 -0.00616455],[-0.04772949 -0.00489807],[-0.0213623  -0.00132751]
0,64019,1642157375323,[-0.03045654  0.0479126 ],[ 0.02972412 -1.02285767],[ 0.03344727 -2.18969727],[1.07092285 2.15301514]
0,64177,1642157375481,[ 2.18212891 -0.12826538],[-0.00402832  2.08105469],[-2.22363281  2.22348022],[-4.44555664 -6.57012939]
0,64336,1642157375640,[0.01025391 0.0302887 ],[-0.02508545 -0.01112366],[1.08721924 0.01071167],[1.12695312 1.11587524]
0,64529,1642157375833,[-1.09350586  1.12506104],[-1.04608154 -1.02038574],[-1.07635498 -2.23149109],[1.09594727 1.04096985]
